DATAFLOW,LAST UPDATE,freq,citizen,age,unit,sex,geo,TIME_PERIOD,OBS_VALUE,OBS_FLAG,CONF_STATUS
ESTAT:MIGR_POP1CTZ(1.0),31/03/25 23:00:00,Annual,Ukraine,Total,Number,Total,Austria,2001,1795,,
ESTAT:MIGR_POP1CTZ(1.0),31/03/25 23:00:00,Annual,Ukraine,Total,Number,Total,Austria,2002,2004,,
ESTAT:MIGR_POP1CTZ(1.0),31/03/25 23:00:00,Annual,Ukraine,Total,Number,Total,Austria,2003,2715,,
ESTAT:MIGR_POP1CTZ(1.0),31/03/25 23:00:00,Annual,Ukraine,Total,Number,Total,Austria,2004,3406,,
ESTAT:MIGR_POP1CTZ(1.0),31/03/25 23:00:00,Annual,Ukraine,Total,Number,Total,Austria,2005,3964,,
ESTAT:MIGR_POP1CTZ(1.0),31/03/25 23:00:00,Annual,Ukraine,Total,Number,Total,Austria,2006,4476,,
ESTAT:MIGR_POP1CTZ(1.0),31/03/25 23:00:00,Annual,Ukraine,Total,Number,Total,Austria,2007,4691,,
ESTAT:MIGR_POP1CTZ(1.0),31/03/25 23:00:00,Annual,Ukraine,Total,Number,Total,Austria,2008,5011,,
ESTAT:MIGR_POP1CTZ(1.0),31/03/25 23:00:00,Annual,Ukraine,Total,Number,Total,Austria,2009,5255,,
ESTAT:MIGR_POP1CTZ(1.0),31/03/25 23:00:00,Annual,Ukraine,Total,Number,Total,Austria,2012,6239,,
ESTAT:MIGR_POP1CTZ(1.0),31/03/25 23:00:00,Annual,Ukraine,Total,Number,Total,Austria,2013,6801,,
ESTAT:MIGR_POP1CTZ(1.0),31/03/25 23:00:00,Annual,Ukraine,Total,Number,Total,Austria,2014,7461,,
ESTAT:MIGR_POP1CTZ(1.0),31/03/25 23:00:00,Annual,Ukraine,Total,Number,Total,Austria,2015,8582,,
ESTAT:MIGR_POP1CTZ(1.0),31/03/25 23:00:00,Annual,Ukraine,Total,Number,Total,Austria,2016,9669,,
ESTAT:MIGR_POP1CTZ(1.0),31/03/25 23:00:00,Annual,Ukraine,Total,Number,Total,Austria,2017,10199,,
ESTAT:MIGR_POP1CTZ(1.0),31/03/25 23:00:00,Annual,Ukraine,Total,Number,Total,Austria,2018,10700,,
ESTAT:MIGR_POP1CTZ(1.0),31/03/25 23:00:00,Annual,Ukraine,Total,Number,Total,Austria,2019,11162,,
ESTAT:MIGR_POP1CTZ(1.0),31/03/25 23:00:00,Annual,Ukraine,Total,Number,Total,Austria,2020,11585,,
ESTAT:MIGR_POP1CTZ(1.0),31/03/25 23:00:00,Annual,Ukraine,Total,Number,Total,Austria,2021,11898,,
ESTAT:MIGR_POP1CTZ(1.0),31/03/25 23:00:00,Annual,Ukraine,Total,Number,Total,Austria,2022,12673,,
ESTAT:MIGR_POP1CTZ(1.0),31/03/25 23:00:00,Annual,Ukraine,Total,Number,Total,Austria,2023,79615,,
ESTAT:MIGR_POP1CTZ(1.0),31/03/25 23:00:00,Annual,Ukraine,Total,Number,Total,Austria,2024,80665,,
ESTAT:MIGR_POP1CTZ(1.0),31/03/25 23:00:00,Annual,Ukraine,Total,Number,Total,Belgium,1999,0,,
ESTAT:MIGR_POP1CTZ(1.0),31/03/25 23:00:00,Annual,Ukraine,Total,Number,Total,Belgium,2000,0,,
ESTAT:MIGR_POP1CTZ(1.0),31/03/25 23:00:00,Annual,Ukraine,Total,Number,Total,Belgium,2001,972,,
ESTAT:MIGR_POP1CTZ(1.0),31/03/25 23:00:00,Annual,Ukraine,Total,Number,Total,Belgium,2003,1421,,
ESTAT:MIGR_POP1CTZ(1.0),31/03/25 23:00:00,Annual,Ukraine,Total,Number,Total,Belgium,2008,2458,,
ESTAT:MIGR_POP1CTZ(1.0),31/03/25 23:00:00,Annual,Ukraine,Total,Number,Total,Belgium,2009,2717,p,
ESTAT:MIGR_POP1CTZ(1.0),31/03/25 23:00:00,Annual,Ukraine,Total,Number,Total,Belgium,2010,3014,p,
ESTAT:MIGR_POP1CTZ(1.0),31/03/25 23:00:00,Annual,Ukraine,Total,Number,Total,Belgium,2011,3971,b,
ESTAT:MIGR_POP1CTZ(1.0),31/03/25 23:00:00,Annual,Ukraine,Total,Number,Total,Belgium,2012,4062,,
ESTAT:MIGR_POP1CTZ(1.0),31/03/25 23:00:00,Annual,Ukraine,Total,Number,Total,Belgium,2013,4233,,
ESTAT:MIGR_POP1CTZ(1.0),31/03/25 23:00:00,Annual,Ukraine,Total,Number,Total,Belgium,2014,4295,,
ESTAT:MIGR_POP1CTZ(1.0),31/03/25 23:00:00,Annual,Ukraine,Total,Number,Total,Belgium,2015,4870,,
ESTAT:MIGR_POP1CTZ(1.0),31/03/25 23:00:00,Annual,Ukraine,Total,Number,Total,Belgium,2016,5100,,
ESTAT:MIGR_POP1CTZ(1.0),31/03/25 23:00:00,Annual,Ukraine,Total,Number,Total,Belgium,2017,5030,,
ESTAT:MIGR_POP1CTZ(1.0),31/03/25 23:00:00,Annual,Ukraine,Total,Number,Total,Belgium,2018,5125,,
ESTAT:MIGR_POP1CTZ(1.0),31/03/25 23:00:00,Annual,Ukraine,Total,Number,Total,Belgium,2019,5335,,
ESTAT:MIGR_POP1CTZ(1.0),31/03/25 23:00:00,Annual,Ukraine,Total,Number,Total,Belgium,2020,5630,,
ESTAT:MIGR_POP1CTZ(1.0),31/03/25 23:00:00,Annual,Ukraine,Total,Number,Total,Belgium,2021,5835,,
ESTAT:MIGR_POP1CTZ(1.0),31/03/25 23:00:00,Annual,Ukraine,Total,Number,Total,Belgium,2022,6187,,
ESTAT:MIGR_POP1CTZ(1.0),31/03/25 23:00:00,Annual,Ukraine,Total,Number,Total,Belgium,2023,55634,,
ESTAT:MIGR_POP1CTZ(1.0),31/03/25 23:00:00,Annual,Ukraine,Total,Number,Total,Belgium,2024,64135,,
ESTAT:MIGR_POP1CTZ(1.0),31/03/25 23:00:00,Annual,Ukraine,Total,Number,Total,Bulgaria,2008,2892,,
ESTAT:MIGR_POP1CTZ(1.0),31/03/25 23:00:00,Annual,Ukraine,Total,Number,Total,Bulgaria,2009,2958,,
ESTAT:MIGR_POP1CTZ(1.0),31/03/25 23:00:00,Annual,Ukraine,Total,Number,Total,Bulgaria,2010,3025,,
ESTAT:MIGR_POP1CTZ(1.0),31/03/25 23:00:00,Annual,Ukraine,Total,Number,Total,Bulgaria,2011,3084,,
ESTAT:MIGR_POP1CTZ(1.0),31/03/25 23:00:00,Annual,Ukraine,Total,Number,Total,Bulgaria,2012,3204,,
ESTAT:MIGR_POP1CTZ(1.0),31/03/25 23:00:00,Annual,Ukraine,Total,Number,Total,Bulgaria,2023,8290,,
ESTAT:MIGR_POP1CTZ(1.0),31/03/25 23:00:00,Annual,Ukraine,Total,Number,Total,Bulgaria,2024,17738,,
ESTAT:MIGR_POP1CTZ(1.0),31/03/25 23:00:00,Annual,Ukraine,Total,Number,Total,Switzerland,1998,711,,
ESTAT:MIGR_POP1CTZ(1.0),31/03/25 23:00:00,Annual,Ukraine,Total,Number,Total,Switzerland,1999,932,,
ESTAT:MIGR_POP1CTZ(1.0),31/03/25 23:00:00,Annual,Ukraine,Total,Number,Total,Switzerland,2000,1151,,
ESTAT:MIGR_POP1CTZ(1.0),31/03/25 23:00:00,Annual,Ukraine,Total,Number,Total,Switzerland,2001,1494,,
ESTAT:MIGR_POP1CTZ(1.0),31/03/25 23:00:00,Annual,Ukraine,Total,Number,Total,Switzerland,2002,1921,,
ESTAT:MIGR_POP1CTZ(1.0),31/03/25 23:00:00,Annual,Ukraine,Total,Number,Total,Switzerland,2003,2296,,
ESTAT:MIGR_POP1CTZ(1.0),31/03/25 23:00:00,Annual,Ukraine,Total,Number,Total,Switzerland,2004,2646,,
ESTAT:MIGR_POP1CTZ(1.0),31/03/25 23:00:00,Annual,Ukraine,Total,Number,Total,Switzerland,2005,2991,,
ESTAT:MIGR_POP1CTZ(1.0),31/03/25 23:00:00,Annual,Ukraine,Total,Number,Total,Switzerland,2006,3379,,
ESTAT:MIGR_POP1CTZ(1.0),31/03/25 23:00:00,Annual,Ukraine,Total,Number,Total,Switzerland,2007,3692,,
ESTAT:MIGR_POP1CTZ(1.0),31/03/25 23:00:00,Annual,Ukraine,Total,Number,Total,Switzerland,2008,4010,,
ESTAT:MIGR_POP1CTZ(1.0),31/03/25 23:00:00,Annual,Ukraine,Total,Number,Total,Switzerland,2009,4355,,
ESTAT:MIGR_POP1CTZ(1.0),31/03/25 23:00:00,Annual,Ukraine,Total,Number,Total,Switzerland,2010,4613,,
ESTAT:MIGR_POP1CTZ(1.0),31/03/25 23:00:00,Annual,Ukraine,Total,Number,Total,Switzerland,2011,4843,b,
ESTAT:MIGR_POP1CTZ(1.0),31/03/25 23:00:00,Annual,Ukraine,Total,Number,Total,Switzerland,2012,5190,,
ESTAT:MIGR_POP1CTZ(1.0),31/03/25 23:00:00,Annual,Ukraine,Total,Number,Total,Switzerland,2013,5483,,
ESTAT:MIGR_POP1CTZ(1.0),31/03/25 23:00:00,Annual,Ukraine,Total,Number,Total,Switzerland,2014,5789,,
ESTAT:MIGR_POP1CTZ(1.0),31/03/25 23:00:00,Annual,Ukraine,Total,Number,Total,Switzerland,2015,6132,,
ESTAT:MIGR_POP1CTZ(1.0),31/03/25 23:00:00,Annual,Ukraine,Total,Number,Total,Switzerland,2016,6423,,
ESTAT:MIGR_POP1CTZ(1.0),31/03/25 23:00:00,Annual,Ukraine,Total,Number,Total,Switzerland,2017,6533,,
ESTAT:MIGR_POP1CTZ(1.0),31/03/25 23:00:00,Annual,Ukraine,Total,Number,Total,Switzerland,2018,6534,,
ESTAT:MIGR_POP1CTZ(1.0),31/03/25 23:00:00,Annual,Ukraine,Total,Number,Total,Switzerland,2019,6579,,
ESTAT:MIGR_POP1CTZ(1.0),31/03/25 23:00:00,Annual,Ukraine,Total,Number,Total,Switzerland,2020,6790,,
ESTAT:MIGR_POP1CTZ(1.0),31/03/25 23:00:00,Annual,Ukraine,Total,Number,Total,Switzerland,2021,6932,,
ESTAT:MIGR_POP1CTZ(1.0),31/03/25 23:00:00,Annual,Ukraine,Total,Number,Total,Czechia,2000,67714,,
ESTAT:MIGR_POP1CTZ(1.0),31/03/25 23:00:00,Annual,Ukraine,Total,Number,Total,Czechia,2001,50407,,
ESTAT:MIGR_POP1CTZ(1.0),31/03/25 23:00:00,Annual,Ukraine,Total,Number,Total,Czechia,2002,44194,,
ESTAT:MIGR_POP1CTZ(1.0),31/03/25 23:00:00,Annual,Ukraine,Total,Number,Total,Czechia,2003,49020,,
ESTAT:MIGR_POP1CTZ(1.0),31/03/25 23:00:00,Annual,Ukraine,Total,Number,Total,Czechia,2004,56390,,
ESTAT:MIGR_POP1CTZ(1.0),31/03/25 23:00:00,Annual,Ukraine,Total,Number,Total,Czechia,2005,51148,,
ESTAT:MIGR_POP1CTZ(1.0),31/03/25 23:00:00,Annual,Ukraine,Total,Number,Total,Czechia,2006,75663,,
ESTAT:MIGR_POP1CTZ(1.0),31/03/25 23:00:00,Annual,Ukraine,Total,Number,Total,Czechia,2007,86739,,
ESTAT:MIGR_POP1CTZ(1.0),31/03/25 23:00:00,Annual,Ukraine,Total,Number,Total,Czechia,2008,103405,,
ESTAT:MIGR_POP1CTZ(1.0),31/03/25 23:00:00,Annual,Ukraine,Total,Number,Total,Czechia,2009,123203,,
ESTAT:MIGR_POP1CTZ(1.0),31/03/25 23:00:00,Annual,Ukraine,Total,Number,Total,Czechia,2010,130933,,
ESTAT:MIGR_POP1CTZ(1.0),31/03/25 23:00:00,Annual,Ukraine,Total,Number,Total,Czechia,2011,123620,,
ESTAT:MIGR_POP1CTZ(1.0),31/03/25 23:00:00,Annual,Ukraine,Total,Number,Total,Czechia,2012,117304,,
ESTAT:MIGR_POP1CTZ(1.0),31/03/25 23:00:00,Annual,Ukraine,Total,Number,Total,Czechia,2013,107696,,
ESTAT:MIGR_POP1CTZ(1.0),31/03/25 23:00:00,Annual,Ukraine,Total,Number,Total,Czechia,2014,102127,,
ESTAT:MIGR_POP1CTZ(1.0),31/03/25 23:00:00,Annual,Ukraine,Total,Number,Total,Czechia,2015,108738,,
ESTAT:MIGR_POP1CTZ(1.0),31/03/25 23:00:00,Annual,Ukraine,Total,Number,Total,Czechia,2016,112027,,
ESTAT:MIGR_POP1CTZ(1.0),31/03/25 23:00:00,Annual,Ukraine,Total,Number,Total,Czechia,2017,118032,,
ESTAT:MIGR_POP1CTZ(1.0),31/03/25 23:00:00,Annual,Ukraine,Total,Number,Total,Czechia,2018,114213,,
ESTAT:MIGR_POP1CTZ(1.0),31/03/25 23:00:00,Annual,Ukraine,Total,Number,Total,Czechia,2019,129284,,
ESTAT:MIGR_POP1CTZ(1.0),31/03/25 23:00:00,Annual,Ukraine,Total,Number,Total,Czechia,2020,143129,,
ESTAT:MIGR_POP1CTZ(1.0),31/03/25 23:00:00,Annual,Ukraine,Total,Number,Total,Czechia,2021,145155,b,
ESTAT:MIGR_POP1CTZ(1.0),31/03/25 23:00:00,Annual,Ukraine,Total,Number,Total,Czechia,2022,170977,,
ESTAT:MIGR_POP1CTZ(1.0),31/03/25 23:00:00,Annual,Ukraine,Total,Number,Total,Czechia,2023,469755,,
ESTAT:MIGR_POP1CTZ(1.0),31/03/25 23:00:00,Annual,Ukraine,Total,Number,Total,Czechia,2024,538875,,
ESTAT:MIGR_POP1CTZ(1.0),31/03/25 23:00:00,Annual,Ukraine,Total,Number,Total,Germany,1998,51397,,
ESTAT:MIGR_POP1CTZ(1.0),31/03/25 23:00:00,Annual,Ukraine,Total,Number,Total,Germany,1999,63762,,
ESTAT:MIGR_POP1CTZ(1.0),31/03/25 23:00:00,Annual,Ukraine,Total,Number,Total,Germany,2000,76785,,
ESTAT:MIGR_POP1CTZ(1.0),31/03/25 23:00:00,Annual,Ukraine,Total,Number,Total,Germany,2001,89282,,
ESTAT:MIGR_POP1CTZ(1.0),31/03/25 23:00:00,Annual,Ukraine,Total,Number,Total,Germany,2002,103477,,
ESTAT:MIGR_POP1CTZ(1.0),31/03/25 23:00:00,Annual,Ukraine,Total,Number,Total,Germany,2003,116003,,
ESTAT:MIGR_POP1CTZ(1.0),31/03/25 23:00:00,Annual,Ukraine,Total,Number,Total,Germany,2004,125998,,
ESTAT:MIGR_POP1CTZ(1.0),31/03/25 23:00:00,Annual,Ukraine,Total,Number,Total,Germany,2005,128110,,
ESTAT:MIGR_POP1CTZ(1.0),31/03/25 23:00:00,Annual,Ukraine,Total,Number,Total,Germany,2006,130674,,
ESTAT:MIGR_POP1CTZ(1.0),31/03/25 23:00:00,Annual,Ukraine,Total,Number,Total,Germany,2007,141014,,
ESTAT:MIGR_POP1CTZ(1.0),31/03/25 23:00:00,Annual,Ukraine,Total,Number,Total,Germany,2008,139043,,
ESTAT:MIGR_POP1CTZ(1.0),31/03/25 23:00:00,Annual,Ukraine,Total,Number,Total,Germany,2009,137461,,
ESTAT:MIGR_POP1CTZ(1.0),31/03/25 23:00:00,Annual,Ukraine,Total,Number,Total,Germany,2010,137527,,
ESTAT:MIGR_POP1CTZ(1.0),31/03/25 23:00:00,Annual,Ukraine,Total,Number,Total,Germany,2012,112034,,
ESTAT:MIGR_POP1CTZ(1.0),31/03/25 23:00:00,Annual,Ukraine,Total,Number,Total,Germany,2013,112110,,
ESTAT:MIGR_POP1CTZ(1.0),31/03/25 23:00:00,Annual,Ukraine,Total,Number,Total,Germany,2014,111287,,
ESTAT:MIGR_POP1CTZ(1.0),31/03/25 23:00:00,Annual,Ukraine,Total,Number,Total,Germany,2015,116793,b,
ESTAT:MIGR_POP1CTZ(1.0),31/03/25 23:00:00,Annual,Ukraine,Total,Number,Total,Germany,2016,122875,,
ESTAT:MIGR_POP1CTZ(1.0),31/03/25 23:00:00,Annual,Ukraine,Total,Number,Total,Germany,2017,124850,,
ESTAT:MIGR_POP1CTZ(1.0),31/03/25 23:00:00,Annual,Ukraine,Total,Number,Total,Germany,2018,127503,,
ESTAT:MIGR_POP1CTZ(1.0),31/03/25 23:00:00,Annual,Ukraine,Total,Number,Total,Germany,2019,131051,,
ESTAT:MIGR_POP1CTZ(1.0),31/03/25 23:00:00,Annual,Ukraine,Total,Number,Total,Germany,2020,133281,,
ESTAT:MIGR_POP1CTZ(1.0),31/03/25 23:00:00,Annual,Ukraine,Total,Number,Total,Germany,2021,134989,,
ESTAT:MIGR_POP1CTZ(1.0),31/03/25 23:00:00,Annual,Ukraine,Total,Number,Total,Germany,2022,138203,,
ESTAT:MIGR_POP1CTZ(1.0),31/03/25 23:00:00,Annual,Ukraine,Total,Number,Total,Germany,2023,863335,b,
ESTAT:MIGR_POP1CTZ(1.0),31/03/25 23:00:00,Annual,Ukraine,Total,Number,Total,Germany,2024,974322,,
ESTAT:MIGR_POP1CTZ(1.0),31/03/25 23:00:00,Annual,Ukraine,Total,Number,Total,Denmark,1998,368,,
ESTAT:MIGR_POP1CTZ(1.0),31/03/25 23:00:00,Annual,Ukraine,Total,Number,Total,Denmark,1999,503,,
ESTAT:MIGR_POP1CTZ(1.0),31/03/25 23:00:00,Annual,Ukraine,Total,Number,Total,Denmark,2000,639,,
ESTAT:MIGR_POP1CTZ(1.0),31/03/25 23:00:00,Annual,Ukraine,Total,Number,Total,Denmark,2001,820,,
ESTAT:MIGR_POP1CTZ(1.0),31/03/25 23:00:00,Annual,Ukraine,Total,Number,Total,Denmark,2002,1078,,
ESTAT:MIGR_POP1CTZ(1.0),31/03/25 23:00:00,Annual,Ukraine,Total,Number,Total,Denmark,2003,1323,,
ESTAT:MIGR_POP1CTZ(1.0),31/03/25 23:00:00,Annual,Ukraine,Total,Number,Total,Denmark,2004,1601,,
ESTAT:MIGR_POP1CTZ(1.0),31/03/25 23:00:00,Annual,Ukraine,Total,Number,Total,Denmark,2005,1875,,
ESTAT:MIGR_POP1CTZ(1.0),31/03/25 23:00:00,Annual,Ukraine,Total,Number,Total,Denmark,2006,2514,,
ESTAT:MIGR_POP1CTZ(1.0),31/03/25 23:00:00,Annual,Ukraine,Total,Number,Total,Denmark,2007,3398,,
ESTAT:MIGR_POP1CTZ(1.0),31/03/25 23:00:00,Annual,Ukraine,Total,Number,Total,Denmark,2008,4744,,
ESTAT:MIGR_POP1CTZ(1.0),31/03/25 23:00:00,Annual,Ukraine,Total,Number,Total,Denmark,2009,5819,,
ESTAT:MIGR_POP1CTZ(1.0),31/03/25 23:00:00,Annual,Ukraine,Total,Number,Total,Denmark,2010,6072,,
ESTAT:MIGR_POP1CTZ(1.0),31/03/25 23:00:00,Annual,Ukraine,Total,Number,Total,Denmark,2011,6050,,
ESTAT:MIGR_POP1CTZ(1.0),31/03/25 23:00:00,Annual,Ukraine,Total,Number,Total,Denmark,2012,6259,,
ESTAT:MIGR_POP1CTZ(1.0),31/03/25 23:00:00,Annual,Ukraine,Total,Number,Total,Denmark,2013,6573,,
ESTAT:MIGR_POP1CTZ(1.0),31/03/25 23:00:00,Annual,Ukraine,Total,Number,Total,Denmark,2014,7045,,
ESTAT:MIGR_POP1CTZ(1.0),31/03/25 23:00:00,Annual,Ukraine,Total,Number,Total,Denmark,2015,7909,,
ESTAT:MIGR_POP1CTZ(1.0),31/03/25 23:00:00,Annual,Ukraine,Total,Number,Total,Denmark,2016,8584,,
ESTAT:MIGR_POP1CTZ(1.0),31/03/25 23:00:00,Annual,Ukraine,Total,Number,Total,Denmark,2017,9163,,
ESTAT:MIGR_POP1CTZ(1.0),31/03/25 23:00:00,Annual,Ukraine,Total,Number,Total,Denmark,2018,10203,,
ESTAT:MIGR_POP1CTZ(1.0),31/03/25 23:00:00,Annual,Ukraine,Total,Number,Total,Denmark,2019,11716,,
ESTAT:MIGR_POP1CTZ(1.0),31/03/25 23:00:00,Annual,Ukraine,Total,Number,Total,Denmark,2020,12722,,
ESTAT:MIGR_POP1CTZ(1.0),31/03/25 23:00:00,Annual,Ukraine,Total,Number,Total,Denmark,2021,12821,,
ESTAT:MIGR_POP1CTZ(1.0),31/03/25 23:00:00,Annual,Ukraine,Total,Number,Total,Denmark,2022,13715,,
ESTAT:MIGR_POP1CTZ(1.0),31/03/25 23:00:00,Annual,Ukraine,Total,Number,Total,Estonia,2000,2867,,
ESTAT:MIGR_POP1CTZ(1.0),31/03/25 23:00:00,Annual,Ukraine,Total,Number,Total,Estonia,2013,5054,,
ESTAT:MIGR_POP1CTZ(1.0),31/03/25 23:00:00,Annual,Ukraine,Total,Number,Total,Estonia,2014,5417,,
ESTAT:MIGR_POP1CTZ(1.0),31/03/25 23:00:00,Annual,Ukraine,Total,Number,Total,Estonia,2015,6190,b,
ESTAT:MIGR_POP1CTZ(1.0),31/03/25 23:00:00,Annual,Ukraine,Total,Number,Total,Estonia,2016,7211,,
ESTAT:MIGR_POP1CTZ(1.0),31/03/25 23:00:00,Annual,Ukraine,Total,Number,Total,Estonia,2017,7974,,
ESTAT:MIGR_POP1CTZ(1.0),31/03/25 23:00:00,Annual,Ukraine,Total,Number,Total,Estonia,2018,8649,,
ESTAT:MIGR_POP1CTZ(1.0),31/03/25 23:00:00,Annual,Ukraine,Total,Number,Total,Estonia,2019,9848,,
ESTAT:MIGR_POP1CTZ(1.0),31/03/25 23:00:00,Annual,Ukraine,Total,Number,Total,Estonia,2020,11259,,
ESTAT:MIGR_POP1CTZ(1.0),31/03/25 23:00:00,Annual,Ukraine,Total,Number,Total,Estonia,2022,15934,,
ESTAT:MIGR_POP1CTZ(1.0),31/03/25 23:00:00,Annual,Ukraine,Total,Number,Total,Estonia,2023,48712,,
ESTAT:MIGR_POP1CTZ(1.0),31/03/25 23:00:00,Annual,Ukraine,Total,Number,Total,Estonia,2024,60414,,
ESTAT:MIGR_POP1CTZ(1.0),31/03/25 23:00:00,Annual,Ukraine,Total,Number,Total,Greece,1998,2661,,
ESTAT:MIGR_POP1CTZ(1.0),31/03/25 23:00:00,Annual,Ukraine,Total,Number,Total,Greece,2001,13616,,
ESTAT:MIGR_POP1CTZ(1.0),31/03/25 23:00:00,Annual,Ukraine,Total,Number,Total,Spain,2002,25277,,
ESTAT:MIGR_POP1CTZ(1.0),31/03/25 23:00:00,Annual,Ukraine,Total,Number,Total,Spain,2003,39236,,
ESTAT:MIGR_POP1CTZ(1.0),31/03/25 23:00:00,Annual,Ukraine,Total,Number,Total,Spain,2004,49377,,
ESTAT:MIGR_POP1CTZ(1.0),31/03/25 23:00:00,Annual,Ukraine,Total,Number,Total,Spain,2005,58615,,
ESTAT:MIGR_POP1CTZ(1.0),31/03/25 23:00:00,Annual,Ukraine,Total,Number,Total,Spain,2006,65245,,
ESTAT:MIGR_POP1CTZ(1.0),31/03/25 23:00:00,Annual,Ukraine,Total,Number,Total,Spain,2007,71338,,
ESTAT:MIGR_POP1CTZ(1.0),31/03/25 23:00:00,Annual,Ukraine,Total,Number,Total,Spain,2008,78364,,
ESTAT:MIGR_POP1CTZ(1.0),31/03/25 23:00:00,Annual,Ukraine,Total,Number,Total,Spain,2009,81578,,
ESTAT:MIGR_POP1CTZ(1.0),31/03/25 23:00:00,Annual,Ukraine,Total,Number,Total,Spain,2010,82285,,
ESTAT:MIGR_POP1CTZ(1.0),31/03/25 23:00:00,Annual,Ukraine,Total,Number,Total,Spain,2011,83266,,
ESTAT:MIGR_POP1CTZ(1.0),31/03/25 23:00:00,Annual,Ukraine,Total,Number,Total,Spain,2012,84398,,
ESTAT:MIGR_POP1CTZ(1.0),31/03/25 23:00:00,Annual,Ukraine,Total,Number,Total,Spain,2013,84277,,
ESTAT:MIGR_POP1CTZ(1.0),31/03/25 23:00:00,Annual,Ukraine,Total,Number,Total,Spain,2014,82353,,
ESTAT:MIGR_POP1CTZ(1.0),31/03/25 23:00:00,Annual,Ukraine,Total,Number,Total,Spain,2015,84878,,
ESTAT:MIGR_POP1CTZ(1.0),31/03/25 23:00:00,Annual,Ukraine,Total,Number,Total,Spain,2016,91658,,
ESTAT:MIGR_POP1CTZ(1.0),31/03/25 23:00:00,Annual,Ukraine,Total,Number,Total,Spain,2017,95679,,
ESTAT:MIGR_POP1CTZ(1.0),31/03/25 23:00:00,Annual,Ukraine,Total,Number,Total,Spain,2018,100503,,
ESTAT:MIGR_POP1CTZ(1.0),31/03/25 23:00:00,Annual,Ukraine,Total,Number,Total,Spain,2019,105204,,
ESTAT:MIGR_POP1CTZ(1.0),31/03/25 23:00:00,Annual,Ukraine,Total,Number,Total,Spain,2020,109687,,
ESTAT:MIGR_POP1CTZ(1.0),31/03/25 23:00:00,Annual,Ukraine,Total,Number,Total,Spain,2021,110061,,
ESTAT:MIGR_POP1CTZ(1.0),31/03/25 23:00:00,Annual,Ukraine,Total,Number,Total,Spain,2022,109837,,
ESTAT:MIGR_POP1CTZ(1.0),31/03/25 23:00:00,Annual,Ukraine,Total,Number,Total,Spain,2023,193238,,
ESTAT:MIGR_POP1CTZ(1.0),31/03/25 23:00:00,Annual,Ukraine,Total,Number,Total,Spain,2024,210012,,
ESTAT:MIGR_POP1CTZ(1.0),31/03/25 23:00:00,Annual,Ukraine,Total,Number,Total,Finland,1998,654,,
ESTAT:MIGR_POP1CTZ(1.0),31/03/25 23:00:00,Annual,Ukraine,Total,Number,Total,Finland,1999,766,,
ESTAT:MIGR_POP1CTZ(1.0),31/03/25 23:00:00,Annual,Ukraine,Total,Number,Total,Finland,2000,849,,
ESTAT:MIGR_POP1CTZ(1.0),31/03/25 23:00:00,Annual,Ukraine,Total,Number,Total,Finland,2001,961,,
ESTAT:MIGR_POP1CTZ(1.0),31/03/25 23:00:00,Annual,Ukraine,Total,Number,Total,Finland,2002,1133,,
ESTAT:MIGR_POP1CTZ(1.0),31/03/25 23:00:00,Annual,Ukraine,Total,Number,Total,Finland,2003,1248,,
ESTAT:MIGR_POP1CTZ(1.0),31/03/25 23:00:00,Annual,Ukraine,Total,Number,Total,Finland,2004,1317,,
ESTAT:MIGR_POP1CTZ(1.0),31/03/25 23:00:00,Annual,Ukraine,Total,Number,Total,Finland,2005,1298,,
ESTAT:MIGR_POP1CTZ(1.0),31/03/25 23:00:00,Annual,Ukraine,Total,Number,Total,Finland,2006,1352,,
ESTAT:MIGR_POP1CTZ(1.0),31/03/25 23:00:00,Annual,Ukraine,Total,Number,Total,Finland,2007,1460,,
ESTAT:MIGR_POP1CTZ(1.0),31/03/25 23:00:00,Annual,Ukraine,Total,Number,Total,Finland,2008,1618,,
ESTAT:MIGR_POP1CTZ(1.0),31/03/25 23:00:00,Annual,Ukraine,Total,Number,Total,Finland,2009,1798,,
ESTAT:MIGR_POP1CTZ(1.0),31/03/25 23:00:00,Annual,Ukraine,Total,Number,Total,Finland,2010,1983,,
ESTAT:MIGR_POP1CTZ(1.0),31/03/25 23:00:00,Annual,Ukraine,Total,Number,Total,Finland,2011,2103,,
ESTAT:MIGR_POP1CTZ(1.0),31/03/25 23:00:00,Annual,Ukraine,Total,Number,Total,Finland,2012,2303,,
ESTAT:MIGR_POP1CTZ(1.0),31/03/25 23:00:00,Annual,Ukraine,Total,Number,Total,Finland,2013,2505,,
ESTAT:MIGR_POP1CTZ(1.0),31/03/25 23:00:00,Annual,Ukraine,Total,Number,Total,Finland,2014,2715,,
ESTAT:MIGR_POP1CTZ(1.0),31/03/25 23:00:00,Annual,Ukraine,Total,Number,Total,Finland,2015,3026,,
ESTAT:MIGR_POP1CTZ(1.0),31/03/25 23:00:00,Annual,Ukraine,Total,Number,Total,Finland,2016,3392,,
ESTAT:MIGR_POP1CTZ(1.0),31/03/25 23:00:00,Annual,Ukraine,Total,Number,Total,Finland,2017,3761,,
ESTAT:MIGR_POP1CTZ(1.0),31/03/25 23:00:00,Annual,Ukraine,Total,Number,Total,Finland,2018,4033,,
ESTAT:MIGR_POP1CTZ(1.0),31/03/25 23:00:00,Annual,Ukraine,Total,Number,Total,Finland,2019,4593,,
ESTAT:MIGR_POP1CTZ(1.0),31/03/25 23:00:00,Annual,Ukraine,Total,Number,Total,Finland,2020,5126,,
ESTAT:MIGR_POP1CTZ(1.0),31/03/25 23:00:00,Annual,Ukraine,Total,Number,Total,Finland,2021,5837,,
ESTAT:MIGR_POP1CTZ(1.0),31/03/25 23:00:00,Annual,Ukraine,Total,Number,Total,Finland,2022,7202,,
ESTAT:MIGR_POP1CTZ(1.0),31/03/25 23:00:00,Annual,Ukraine,Total,Number,Total,Finland,2023,8441,,
ESTAT:MIGR_POP1CTZ(1.0),31/03/25 23:00:00,Annual,Ukraine,Total,Number,Total,Finland,2024,28100,,
ESTAT:MIGR_POP1CTZ(1.0),31/03/25 23:00:00,Annual,Ukraine,Total,Number,Total,France,2015,14147,,
ESTAT:MIGR_POP1CTZ(1.0),31/03/25 23:00:00,Annual,Ukraine,Total,Number,Total,France,2016,15255,,
ESTAT:MIGR_POP1CTZ(1.0),31/03/25 23:00:00,Annual,Ukraine,Total,Number,Total,France,2017,16693,,
ESTAT:MIGR_POP1CTZ(1.0),31/03/25 23:00:00,Annual,Ukraine,Total,Number,Total,France,2018,17930,,
ESTAT:MIGR_POP1CTZ(1.0),31/03/25 23:00:00,Annual,Ukraine,Total,Number,Total,Hungary,1998,7733,,
ESTAT:MIGR_POP1CTZ(1.0),31/03/25 23:00:00,Annual,Ukraine,Total,Number,Total,Hungary,1999,9898,,
ESTAT:MIGR_POP1CTZ(1.0),31/03/25 23:00:00,Annual,Ukraine,Total,Number,Total,Hungary,2000,11016,,
ESTAT:MIGR_POP1CTZ(1.0),31/03/25 23:00:00,Annual,Ukraine,Total,Number,Total,Hungary,2001,9231,,
ESTAT:MIGR_POP1CTZ(1.0),31/03/25 23:00:00,Annual,Ukraine,Total,Number,Total,Hungary,2002,9835,,
ESTAT:MIGR_POP1CTZ(1.0),31/03/25 23:00:00,Annual,Ukraine,Total,Number,Total,Hungary,2003,9853,,
ESTAT:MIGR_POP1CTZ(1.0),31/03/25 23:00:00,Annual,Ukraine,Total,Number,Total,Hungary,2004,13096,,
ESTAT:MIGR_POP1CTZ(1.0),31/03/25 23:00:00,Annual,Ukraine,Total,Number,Total,Hungary,2005,13945,,
ESTAT:MIGR_POP1CTZ(1.0),31/03/25 23:00:00,Annual,Ukraine,Total,Number,Total,Hungary,2006,15347,,
ESTAT:MIGR_POP1CTZ(1.0),31/03/25 23:00:00,Annual,Ukraine,Total,Number,Total,Hungary,2007,15866,,
ESTAT:MIGR_POP1CTZ(1.0),31/03/25 23:00:00,Annual,Ukraine,Total,Number,Total,Hungary,2008,17298,,
ESTAT:MIGR_POP1CTZ(1.0),31/03/25 23:00:00,Annual,Ukraine,Total,Number,Total,Hungary,2009,17614,,
ESTAT:MIGR_POP1CTZ(1.0),31/03/25 23:00:00,Annual,Ukraine,Total,Number,Total,Hungary,2010,17246,,
ESTAT:MIGR_POP1CTZ(1.0),31/03/25 23:00:00,Annual,Ukraine,Total,Number,Total,Hungary,2011,16542,,
ESTAT:MIGR_POP1CTZ(1.0),31/03/25 23:00:00,Annual,Ukraine,Total,Number,Total,Hungary,2012,11894,,
ESTAT:MIGR_POP1CTZ(1.0),31/03/25 23:00:00,Annual,Ukraine,Total,Number,Total,Hungary,2013,10849,,
ESTAT:MIGR_POP1CTZ(1.0),31/03/25 23:00:00,Annual,Ukraine,Total,Number,Total,Hungary,2014,8317,,
ESTAT:MIGR_POP1CTZ(1.0),31/03/25 23:00:00,Annual,Ukraine,Total,Number,Total,Hungary,2015,6906,,
ESTAT:MIGR_POP1CTZ(1.0),31/03/25 23:00:00,Annual,Ukraine,Total,Number,Total,Hungary,2016,6749,,
ESTAT:MIGR_POP1CTZ(1.0),31/03/25 23:00:00,Annual,Ukraine,Total,Number,Total,Hungary,2017,5774,,
ESTAT:MIGR_POP1CTZ(1.0),31/03/25 23:00:00,Annual,Ukraine,Total,Number,Total,Hungary,2018,10503,,
ESTAT:MIGR_POP1CTZ(1.0),31/03/25 23:00:00,Annual,Ukraine,Total,Number,Total,Hungary,2019,24197,,
ESTAT:MIGR_POP1CTZ(1.0),31/03/25 23:00:00,Annual,Ukraine,Total,Number,Total,Hungary,2020,30316,,
ESTAT:MIGR_POP1CTZ(1.0),31/03/25 23:00:00,Annual,Ukraine,Total,Number,Total,Hungary,2021,27380,,
ESTAT:MIGR_POP1CTZ(1.0),31/03/25 23:00:00,Annual,Ukraine,Total,Number,Total,Hungary,2022,30707,,
ESTAT:MIGR_POP1CTZ(1.0),31/03/25 23:00:00,Annual,Ukraine,Total,Number,Total,Hungary,2023,36017,,
ESTAT:MIGR_POP1CTZ(1.0),31/03/25 23:00:00,Annual,Ukraine,Total,Number,Total,Hungary,2024,27388,,
ESTAT:MIGR_POP1CTZ(1.0),31/03/25 23:00:00,Annual,Ukraine,Total,Number,Total,Ireland,2007,3353,b,
ESTAT:MIGR_POP1CTZ(1.0),31/03/25 23:00:00,Annual,Ukraine,Total,Number,Total,Ireland,2008,3553,,
ESTAT:MIGR_POP1CTZ(1.0),31/03/25 23:00:00,Annual,Ukraine,Total,Number,Total,Ireland,2009,3524,,
ESTAT:MIGR_POP1CTZ(1.0),31/03/25 23:00:00,Annual,Ukraine,Total,Number,Total,Ireland,2010,3341,,
ESTAT:MIGR_POP1CTZ(1.0),31/03/25 23:00:00,Annual,Ukraine,Total,Number,Total,Ireland,2011,3365,,
ESTAT:MIGR_POP1CTZ(1.0),31/03/25 23:00:00,Annual,Ukraine,Total,Number,Total,Ireland,2017,2297,,
ESTAT:MIGR_POP1CTZ(1.0),31/03/25 23:00:00,Annual,Ukraine,Total,Number,Total,Ireland,2018,2675,,
ESTAT:MIGR_POP1CTZ(1.0),31/03/25 23:00:00,Annual,Ukraine,Total,Number,Total,Ireland,2019,3236,,
ESTAT:MIGR_POP1CTZ(1.0),31/03/25 23:00:00,Annual,Ukraine,Total,Number,Total,Ireland,2020,3750,,
ESTAT:MIGR_POP1CTZ(1.0),31/03/25 23:00:00,Annual,Ukraine,Total,Number,Total,Ireland,2021,3969,,
ESTAT:MIGR_POP1CTZ(1.0),31/03/25 23:00:00,Annual,Ukraine,Total,Number,Total,Ireland,2022,4402,,
ESTAT:MIGR_POP1CTZ(1.0),31/03/25 23:00:00,Annual,Ukraine,Total,Number,Total,Ireland,2023,55936,,
ESTAT:MIGR_POP1CTZ(1.0),31/03/25 23:00:00,Annual,Ukraine,Total,Number,Total,Ireland,2024,86723,,
ESTAT:MIGR_POP1CTZ(1.0),31/03/25 23:00:00,Annual,Ukraine,Total,Number,Total,Iceland,1998,15,,
ESTAT:MIGR_POP1CTZ(1.0),31/03/25 23:00:00,Annual,Ukraine,Total,Number,Total,Iceland,1999,26,,
ESTAT:MIGR_POP1CTZ(1.0),31/03/25 23:00:00,Annual,Ukraine,Total,Number,Total,Iceland,2000,42,,
ESTAT:MIGR_POP1CTZ(1.0),31/03/25 23:00:00,Annual,Ukraine,Total,Number,Total,Iceland,2001,70,,
ESTAT:MIGR_POP1CTZ(1.0),31/03/25 23:00:00,Annual,Ukraine,Total,Number,Total,Iceland,2002,85,,
ESTAT:MIGR_POP1CTZ(1.0),31/03/25 23:00:00,Annual,Ukraine,Total,Number,Total,Iceland,2003,98,,
ESTAT:MIGR_POP1CTZ(1.0),31/03/25 23:00:00,Annual,Ukraine,Total,Number,Total,Iceland,2004,108,,
ESTAT:MIGR_POP1CTZ(1.0),31/03/25 23:00:00,Annual,Ukraine,Total,Number,Total,Iceland,2005,106,,
ESTAT:MIGR_POP1CTZ(1.0),31/03/25 23:00:00,Annual,Ukraine,Total,Number,Total,Iceland,2006,135,,
ESTAT:MIGR_POP1CTZ(1.0),31/03/25 23:00:00,Annual,Ukraine,Total,Number,Total,Iceland,2008,167,,
ESTAT:MIGR_POP1CTZ(1.0),31/03/25 23:00:00,Annual,Ukraine,Total,Number,Total,Iceland,2010,146,,
ESTAT:MIGR_POP1CTZ(1.0),31/03/25 23:00:00,Annual,Ukraine,Total,Number,Total,Iceland,2011,138,,
ESTAT:MIGR_POP1CTZ(1.0),31/03/25 23:00:00,Annual,Ukraine,Total,Number,Total,Iceland,2012,142,,
ESTAT:MIGR_POP1CTZ(1.0),31/03/25 23:00:00,Annual,Ukraine,Total,Number,Total,Iceland,2013,155,,
ESTAT:MIGR_POP1CTZ(1.0),31/03/25 23:00:00,Annual,Ukraine,Total,Number,Total,Iceland,2014,151,,
ESTAT:MIGR_POP1CTZ(1.0),31/03/25 23:00:00,Annual,Ukraine,Total,Number,Total,Iceland,2015,152,,
ESTAT:MIGR_POP1CTZ(1.0),31/03/25 23:00:00,Annual,Ukraine,Total,Number,Total,Iceland,2016,162,,
ESTAT:MIGR_POP1CTZ(1.0),31/03/25 23:00:00,Annual,Ukraine,Total,Number,Total,Iceland,2017,174,,
ESTAT:MIGR_POP1CTZ(1.0),31/03/25 23:00:00,Annual,Ukraine,Total,Number,Total,Iceland,2018,188,,
ESTAT:MIGR_POP1CTZ(1.0),31/03/25 23:00:00,Annual,Ukraine,Total,Number,Total,Iceland,2019,209,,
ESTAT:MIGR_POP1CTZ(1.0),31/03/25 23:00:00,Annual,Ukraine,Total,Number,Total,Iceland,2020,225,,
ESTAT:MIGR_POP1CTZ(1.0),31/03/25 23:00:00,Annual,Ukraine,Total,Number,Total,Iceland,2021,237,,
ESTAT:MIGR_POP1CTZ(1.0),31/03/25 23:00:00,Annual,Ukraine,Total,Number,Total,Iceland,2022,240,,
ESTAT:MIGR_POP1CTZ(1.0),31/03/25 23:00:00,Annual,Ukraine,Total,Number,Total,Iceland,2023,2481,,
ESTAT:MIGR_POP1CTZ(1.0),31/03/25 23:00:00,Annual,Ukraine,Total,Number,Total,Iceland,2024,3581,,
ESTAT:MIGR_POP1CTZ(1.0),31/03/25 23:00:00,Annual,Ukraine,Total,Number,Total,Italy,1998,1454,,
ESTAT:MIGR_POP1CTZ(1.0),31/03/25 23:00:00,Annual,Ukraine,Total,Number,Total,Italy,1999,2155,,
ESTAT:MIGR_POP1CTZ(1.0),31/03/25 23:00:00,Annual,Ukraine,Total,Number,Total,Italy,2000,3548,,
ESTAT:MIGR_POP1CTZ(1.0),31/03/25 23:00:00,Annual,Ukraine,Total,Number,Total,Italy,2002,11852,,
ESTAT:MIGR_POP1CTZ(1.0),31/03/25 23:00:00,Annual,Ukraine,Total,Number,Total,Italy,2003,25700,,
ESTAT:MIGR_POP1CTZ(1.0),31/03/25 23:00:00,Annual,Ukraine,Total,Number,Total,Italy,2004,51149,,
ESTAT:MIGR_POP1CTZ(1.0),31/03/25 23:00:00,Annual,Ukraine,Total,Number,Total,Italy,2005,73991,,
ESTAT:MIGR_POP1CTZ(1.0),31/03/25 23:00:00,Annual,Ukraine,Total,Number,Total,Italy,2006,89432,,
ESTAT:MIGR_POP1CTZ(1.0),31/03/25 23:00:00,Annual,Ukraine,Total,Number,Total,Italy,2007,101804,,
ESTAT:MIGR_POP1CTZ(1.0),31/03/25 23:00:00,Annual,Ukraine,Total,Number,Total,Italy,2008,127865,,
ESTAT:MIGR_POP1CTZ(1.0),31/03/25 23:00:00,Annual,Ukraine,Total,Number,Total,Italy,2009,151207,,
ESTAT:MIGR_POP1CTZ(1.0),31/03/25 23:00:00,Annual,Ukraine,Total,Number,Total,Italy,2010,166257,,
ESTAT:MIGR_POP1CTZ(1.0),31/03/25 23:00:00,Annual,Ukraine,Total,Number,Total,Italy,2011,181681,,
ESTAT:MIGR_POP1CTZ(1.0),31/03/25 23:00:00,Annual,Ukraine,Total,Number,Total,Italy,2012,193778,,
ESTAT:MIGR_POP1CTZ(1.0),31/03/25 23:00:00,Annual,Ukraine,Total,Number,Total,Italy,2013,203595,,
ESTAT:MIGR_POP1CTZ(1.0),31/03/25 23:00:00,Annual,Ukraine,Total,Number,Total,Italy,2014,209891,,
ESTAT:MIGR_POP1CTZ(1.0),31/03/25 23:00:00,Annual,Ukraine,Total,Number,Total,Italy,2015,212582,,
ESTAT:MIGR_POP1CTZ(1.0),31/03/25 23:00:00,Annual,Ukraine,Total,Number,Total,Italy,2016,224400,,
ESTAT:MIGR_POP1CTZ(1.0),31/03/25 23:00:00,Annual,Ukraine,Total,Number,Total,Italy,2017,225700,,
ESTAT:MIGR_POP1CTZ(1.0),31/03/25 23:00:00,Annual,Ukraine,Total,Number,Total,Italy,2018,226450,,
ESTAT:MIGR_POP1CTZ(1.0),31/03/25 23:00:00,Annual,Ukraine,Total,Number,Total,Italy,2019,227867,b,
ESTAT:MIGR_POP1CTZ(1.0),31/03/25 23:00:00,Annual,Ukraine,Total,Number,Total,Italy,2020,228560,,
ESTAT:MIGR_POP1CTZ(1.0),31/03/25 23:00:00,Annual,Ukraine,Total,Number,Total,Italy,2021,235907,,
ESTAT:MIGR_POP1CTZ(1.0),31/03/25 23:00:00,Annual,Ukraine,Total,Number,Total,Italy,2022,225307,,
ESTAT:MIGR_POP1CTZ(1.0),31/03/25 23:00:00,Annual,Ukraine,Total,Number,Total,Italy,2023,249613,,
ESTAT:MIGR_POP1CTZ(1.0),31/03/25 23:00:00,Annual,Ukraine,Total,Number,Total,Italy,2024,273484,,
ESTAT:MIGR_POP1CTZ(1.0),31/03/25 23:00:00,Annual,Ukraine,Total,Number,Total,Liechtenstein,2009,13,,
ESTAT:MIGR_POP1CTZ(1.0),31/03/25 23:00:00,Annual,Ukraine,Total,Number,Total,Liechtenstein,2010,15,,
ESTAT:MIGR_POP1CTZ(1.0),31/03/25 23:00:00,Annual,Ukraine,Total,Number,Total,Liechtenstein,2011,22,,
ESTAT:MIGR_POP1CTZ(1.0),31/03/25 23:00:00,Annual,Ukraine,Total,Number,Total,Liechtenstein,2012,29,,
ESTAT:MIGR_POP1CTZ(1.0),31/03/25 23:00:00,Annual,Ukraine,Total,Number,Total,Liechtenstein,2013,28,,
ESTAT:MIGR_POP1CTZ(1.0),31/03/25 23:00:00,Annual,Ukraine,Total,Number,Total,Liechtenstein,2014,29,,
ESTAT:MIGR_POP1CTZ(1.0),31/03/25 23:00:00,Annual,Ukraine,Total,Number,Total,Liechtenstein,2015,31,,
ESTAT:MIGR_POP1CTZ(1.0),31/03/25 23:00:00,Annual,Ukraine,Total,Number,Total,Liechtenstein,2016,32,,
ESTAT:MIGR_POP1CTZ(1.0),31/03/25 23:00:00,Annual,Ukraine,Total,Number,Total,Liechtenstein,2017,32,,
ESTAT:MIGR_POP1CTZ(1.0),31/03/25 23:00:00,Annual,Ukraine,Total,Number,Total,Liechtenstein,2018,46,,
ESTAT:MIGR_POP1CTZ(1.0),31/03/25 23:00:00,Annual,Ukraine,Total,Number,Total,Liechtenstein,2019,51,,
ESTAT:MIGR_POP1CTZ(1.0),31/03/25 23:00:00,Annual,Ukraine,Total,Number,Total,Liechtenstein,2020,44,,
ESTAT:MIGR_POP1CTZ(1.0),31/03/25 23:00:00,Annual,Ukraine,Total,Number,Total,Liechtenstein,2021,56,,
ESTAT:MIGR_POP1CTZ(1.0),31/03/25 23:00:00,Annual,Ukraine,Total,Number,Total,Liechtenstein,2022,51,,
ESTAT:MIGR_POP1CTZ(1.0),31/03/25 23:00:00,Annual,Ukraine,Total,Number,Total,Lithuania,2001,1556,,
ESTAT:MIGR_POP1CTZ(1.0),31/03/25 23:00:00,Annual,Ukraine,Total,Number,Total,Lithuania,2013,1863,,
ESTAT:MIGR_POP1CTZ(1.0),31/03/25 23:00:00,Annual,Ukraine,Total,Number,Total,Lithuania,2014,2152,,
ESTAT:MIGR_POP1CTZ(1.0),31/03/25 23:00:00,Annual,Ukraine,Total,Number,Total,Lithuania,2015,2417,,
ESTAT:MIGR_POP1CTZ(1.0),31/03/25 23:00:00,Annual,Ukraine,Total,Number,Total,Lithuania,2016,2906,,
ESTAT:MIGR_POP1CTZ(1.0),31/03/25 23:00:00,Annual,Ukraine,Total,Number,Total,Lithuania,2017,3047,,
ESTAT:MIGR_POP1CTZ(1.0),31/03/25 23:00:00,Annual,Ukraine,Total,Number,Total,Lithuania,2018,3768,,
ESTAT:MIGR_POP1CTZ(1.0),31/03/25 23:00:00,Annual,Ukraine,Total,Number,Total,Lithuania,2019,4163,,
ESTAT:MIGR_POP1CTZ(1.0),31/03/25 23:00:00,Annual,Ukraine,Total,Number,Total,Lithuania,2020,4335,,
ESTAT:MIGR_POP1CTZ(1.0),31/03/25 23:00:00,Annual,Ukraine,Total,Number,Total,Lithuania,2021,2719,,
ESTAT:MIGR_POP1CTZ(1.0),31/03/25 23:00:00,Annual,Ukraine,Total,Number,Total,Lithuania,2022,7105,,
ESTAT:MIGR_POP1CTZ(1.0),31/03/25 23:00:00,Annual,Ukraine,Total,Number,Total,Lithuania,2023,50512,,
ESTAT:MIGR_POP1CTZ(1.0),31/03/25 23:00:00,Annual,Ukraine,Total,Number,Total,Lithuania,2024,52915,,
ESTAT:MIGR_POP1CTZ(1.0),31/03/25 23:00:00,Annual,Ukraine,Total,Number,Total,Luxembourg,2001,180,,
ESTAT:MIGR_POP1CTZ(1.0),31/03/25 23:00:00,Annual,Ukraine,Total,Number,Total,Luxembourg,2016,653,,
ESTAT:MIGR_POP1CTZ(1.0),31/03/25 23:00:00,Annual,Ukraine,Total,Number,Total,Luxembourg,2017,742,b,
ESTAT:MIGR_POP1CTZ(1.0),31/03/25 23:00:00,Annual,Ukraine,Total,Number,Total,Luxembourg,2018,841,,
ESTAT:MIGR_POP1CTZ(1.0),31/03/25 23:00:00,Annual,Ukraine,Total,Number,Total,Luxembourg,2019,912,,
ESTAT:MIGR_POP1CTZ(1.0),31/03/25 23:00:00,Annual,Ukraine,Total,Number,Total,Luxembourg,2020,980,,
ESTAT:MIGR_POP1CTZ(1.0),31/03/25 23:00:00,Annual,Ukraine,Total,Number,Total,Luxembourg,2021,1007,,
ESTAT:MIGR_POP1CTZ(1.0),31/03/25 23:00:00,Annual,Ukraine,Total,Number,Total,Luxembourg,2022,1075,,
ESTAT:MIGR_POP1CTZ(1.0),31/03/25 23:00:00,Annual,Ukraine,Total,Number,Total,Luxembourg,2023,5238,,
ESTAT:MIGR_POP1CTZ(1.0),31/03/25 23:00:00,Annual,Ukraine,Total,Number,Total,Luxembourg,2024,5357,,
ESTAT:MIGR_POP1CTZ(1.0),31/03/25 23:00:00,Annual,Ukraine,Total,Number,Total,Latvia,1998,726,,
ESTAT:MIGR_POP1CTZ(1.0),31/03/25 23:00:00,Annual,Ukraine,Total,Number,Total,Latvia,1999,1100,,
ESTAT:MIGR_POP1CTZ(1.0),31/03/25 23:00:00,Annual,Ukraine,Total,Number,Total,Latvia,2000,1514,,
ESTAT:MIGR_POP1CTZ(1.0),31/03/25 23:00:00,Annual,Ukraine,Total,Number,Total,Latvia,2001,1814,,
ESTAT:MIGR_POP1CTZ(1.0),31/03/25 23:00:00,Annual,Ukraine,Total,Number,Total,Latvia,2002,2046,,
ESTAT:MIGR_POP1CTZ(1.0),31/03/25 23:00:00,Annual,Ukraine,Total,Number,Total,Latvia,2003,1907,,
ESTAT:MIGR_POP1CTZ(1.0),31/03/25 23:00:00,Annual,Ukraine,Total,Number,Total,Latvia,2004,2338,,
ESTAT:MIGR_POP1CTZ(1.0),31/03/25 23:00:00,Annual,Ukraine,Total,Number,Total,Latvia,2005,2429,,
ESTAT:MIGR_POP1CTZ(1.0),31/03/25 23:00:00,Annual,Ukraine,Total,Number,Total,Latvia,2006,2621,,
ESTAT:MIGR_POP1CTZ(1.0),31/03/25 23:00:00,Annual,Ukraine,Total,Number,Total,Latvia,2007,2546,,
ESTAT:MIGR_POP1CTZ(1.0),31/03/25 23:00:00,Annual,Ukraine,Total,Number,Total,Latvia,2012,2368,,
ESTAT:MIGR_POP1CTZ(1.0),31/03/25 23:00:00,Annual,Ukraine,Total,Number,Total,Latvia,2013,2345,,
ESTAT:MIGR_POP1CTZ(1.0),31/03/25 23:00:00,Annual,Ukraine,Total,Number,Total,Latvia,2014,2391,,
ESTAT:MIGR_POP1CTZ(1.0),31/03/25 23:00:00,Annual,Ukraine,Total,Number,Total,Latvia,2015,2716,,
ESTAT:MIGR_POP1CTZ(1.0),31/03/25 23:00:00,Annual,Ukraine,Total,Number,Total,Latvia,2016,3570,,
ESTAT:MIGR_POP1CTZ(1.0),31/03/25 23:00:00,Annual,Ukraine,Total,Number,Total,Latvia,2017,3430,,
ESTAT:MIGR_POP1CTZ(1.0),31/03/25 23:00:00,Annual,Ukraine,Total,Number,Total,Latvia,2018,3886,,
ESTAT:MIGR_POP1CTZ(1.0),31/03/25 23:00:00,Annual,Ukraine,Total,Number,Total,Latvia,2019,4806,,
ESTAT:MIGR_POP1CTZ(1.0),31/03/25 23:00:00,Annual,Ukraine,Total,Number,Total,Latvia,2020,5531,,
ESTAT:MIGR_POP1CTZ(1.0),31/03/25 23:00:00,Annual,Ukraine,Total,Number,Total,Latvia,2021,5745,,
ESTAT:MIGR_POP1CTZ(1.0),31/03/25 23:00:00,Annual,Ukraine,Total,Number,Total,Latvia,2022,6371,,
ESTAT:MIGR_POP1CTZ(1.0),31/03/25 23:00:00,Annual,Ukraine,Total,Number,Total,Latvia,2023,29511,,
ESTAT:MIGR_POP1CTZ(1.0),31/03/25 23:00:00,Annual,Ukraine,Total,Number,Total,Latvia,2024,31312,,
ESTAT:MIGR_POP1CTZ(1.0),31/03/25 23:00:00,Annual,Ukraine,Total,Number,Total,Moldova,2005,2688,,
ESTAT:MIGR_POP1CTZ(1.0),31/03/25 23:00:00,Annual,Ukraine,Total,Number,Total,Montenegro,2011,126,,
ESTAT:MIGR_POP1CTZ(1.0),31/03/25 23:00:00,Annual,Ukraine,Total,Number,Total,Netherlands,1998,1190,,
ESTAT:MIGR_POP1CTZ(1.0),31/03/25 23:00:00,Annual,Ukraine,Total,Number,Total,Netherlands,1999,1380,,
ESTAT:MIGR_POP1CTZ(1.0),31/03/25 23:00:00,Annual,Ukraine,Total,Number,Total,Netherlands,2000,1431,,
ESTAT:MIGR_POP1CTZ(1.0),31/03/25 23:00:00,Annual,Ukraine,Total,Number,Total,Netherlands,2001,1595,,
ESTAT:MIGR_POP1CTZ(1.0),31/03/25 23:00:00,Annual,Ukraine,Total,Number,Total,Netherlands,2002,1837,,
ESTAT:MIGR_POP1CTZ(1.0),31/03/25 23:00:00,Annual,Ukraine,Total,Number,Total,Netherlands,2003,2158,,
ESTAT:MIGR_POP1CTZ(1.0),31/03/25 23:00:00,Annual,Ukraine,Total,Number,Total,Netherlands,2004,2414,,
ESTAT:MIGR_POP1CTZ(1.0),31/03/25 23:00:00,Annual,Ukraine,Total,Number,Total,Netherlands,2005,2605,,
ESTAT:MIGR_POP1CTZ(1.0),31/03/25 23:00:00,Annual,Ukraine,Total,Number,Total,Netherlands,2006,2545,,
ESTAT:MIGR_POP1CTZ(1.0),31/03/25 23:00:00,Annual,Ukraine,Total,Number,Total,Netherlands,2007,2507,,
ESTAT:MIGR_POP1CTZ(1.0),31/03/25 23:00:00,Annual,Ukraine,Total,Number,Total,Netherlands,2008,2451,,
ESTAT:MIGR_POP1CTZ(1.0),31/03/25 23:00:00,Annual,Ukraine,Total,Number,Total,Netherlands,2009,2517,,
ESTAT:MIGR_POP1CTZ(1.0),31/03/25 23:00:00,Annual,Ukraine,Total,Number,Total,Netherlands,2010,2521,,
ESTAT:MIGR_POP1CTZ(1.0),31/03/25 23:00:00,Annual,Ukraine,Total,Number,Total,Netherlands,2011,2671,,
ESTAT:MIGR_POP1CTZ(1.0),31/03/25 23:00:00,Annual,Ukraine,Total,Number,Total,Netherlands,2012,2911,,
ESTAT:MIGR_POP1CTZ(1.0),31/03/25 23:00:00,Annual,Ukraine,Total,Number,Total,Netherlands,2013,3087,,
ESTAT:MIGR_POP1CTZ(1.0),31/03/25 23:00:00,Annual,Ukraine,Total,Number,Total,Netherlands,2014,3402,,
ESTAT:MIGR_POP1CTZ(1.0),31/03/25 23:00:00,Annual,Ukraine,Total,Number,Total,Netherlands,2015,3783,,
ESTAT:MIGR_POP1CTZ(1.0),31/03/25 23:00:00,Annual,Ukraine,Total,Number,Total,Netherlands,2016,4437,,
ESTAT:MIGR_POP1CTZ(1.0),31/03/25 23:00:00,Annual,Ukraine,Total,Number,Total,Netherlands,2017,5071,,
ESTAT:MIGR_POP1CTZ(1.0),31/03/25 23:00:00,Annual,Ukraine,Total,Number,Total,Netherlands,2018,5583,,
ESTAT:MIGR_POP1CTZ(1.0),31/03/25 23:00:00,Annual,Ukraine,Total,Number,Total,Netherlands,2019,6268,,
ESTAT:MIGR_POP1CTZ(1.0),31/03/25 23:00:00,Annual,Ukraine,Total,Number,Total,Netherlands,2020,7042,,
ESTAT:MIGR_POP1CTZ(1.0),31/03/25 23:00:00,Annual,Ukraine,Total,Number,Total,Netherlands,2021,7082,,
ESTAT:MIGR_POP1CTZ(1.0),31/03/25 23:00:00,Annual,Ukraine,Total,Number,Total,Netherlands,2022,7540,,
ESTAT:MIGR_POP1CTZ(1.0),31/03/25 23:00:00,Annual,Ukraine,Total,Number,Total,Netherlands,2023,94364,,
ESTAT:MIGR_POP1CTZ(1.0),31/03/25 23:00:00,Annual,Ukraine,Total,Number,Total,Netherlands,2024,111689,,
ESTAT:MIGR_POP1CTZ(1.0),31/03/25 23:00:00,Annual,Ukraine,Total,Number,Total,Norway,1998,132,,
ESTAT:MIGR_POP1CTZ(1.0),31/03/25 23:00:00,Annual,Ukraine,Total,Number,Total,Norway,2000,231,,
ESTAT:MIGR_POP1CTZ(1.0),31/03/25 23:00:00,Annual,Ukraine,Total,Number,Total,Norway,2001,284,,
ESTAT:MIGR_POP1CTZ(1.0),31/03/25 23:00:00,Annual,Ukraine,Total,Number,Total,Norway,2002,405,,
ESTAT:MIGR_POP1CTZ(1.0),31/03/25 23:00:00,Annual,Ukraine,Total,Number,Total,Norway,2003,572,,
ESTAT:MIGR_POP1CTZ(1.0),31/03/25 23:00:00,Annual,Ukraine,Total,Number,Total,Norway,2004,713,,
ESTAT:MIGR_POP1CTZ(1.0),31/03/25 23:00:00,Annual,Ukraine,Total,Number,Total,Norway,2005,879,,
ESTAT:MIGR_POP1CTZ(1.0),31/03/25 23:00:00,Annual,Ukraine,Total,Number,Total,Norway,2006,1101,,
ESTAT:MIGR_POP1CTZ(1.0),31/03/25 23:00:00,Annual,Ukraine,Total,Number,Total,Norway,2007,1237,,
ESTAT:MIGR_POP1CTZ(1.0),31/03/25 23:00:00,Annual,Ukraine,Total,Number,Total,Norway,2008,1346,,
ESTAT:MIGR_POP1CTZ(1.0),31/03/25 23:00:00,Annual,Ukraine,Total,Number,Total,Norway,2009,1529,,
ESTAT:MIGR_POP1CTZ(1.0),31/03/25 23:00:00,Annual,Ukraine,Total,Number,Total,Norway,2010,1733,,
ESTAT:MIGR_POP1CTZ(1.0),31/03/25 23:00:00,Annual,Ukraine,Total,Number,Total,Norway,2011,1976,,
ESTAT:MIGR_POP1CTZ(1.0),31/03/25 23:00:00,Annual,Ukraine,Total,Number,Total,Norway,2012,2230,,
ESTAT:MIGR_POP1CTZ(1.0),31/03/25 23:00:00,Annual,Ukraine,Total,Number,Total,Norway,2013,2522,,
ESTAT:MIGR_POP1CTZ(1.0),31/03/25 23:00:00,Annual,Ukraine,Total,Number,Total,Norway,2014,2754,,
ESTAT:MIGR_POP1CTZ(1.0),31/03/25 23:00:00,Annual,Ukraine,Total,Number,Total,Norway,2015,2872,,
ESTAT:MIGR_POP1CTZ(1.0),31/03/25 23:00:00,Annual,Ukraine,Total,Number,Total,Norway,2016,3121,,
ESTAT:MIGR_POP1CTZ(1.0),31/03/25 23:00:00,Annual,Ukraine,Total,Number,Total,Norway,2017,3259,,
ESTAT:MIGR_POP1CTZ(1.0),31/03/25 23:00:00,Annual,Ukraine,Total,Number,Total,Norway,2018,3289,,
ESTAT:MIGR_POP1CTZ(1.0),31/03/25 23:00:00,Annual,Ukraine,Total,Number,Total,Norway,2019,3498,,
ESTAT:MIGR_POP1CTZ(1.0),31/03/25 23:00:00,Annual,Ukraine,Total,Number,Total,Norway,2020,3806,,
ESTAT:MIGR_POP1CTZ(1.0),31/03/25 23:00:00,Annual,Ukraine,Total,Number,Total,Norway,2021,3826,,
ESTAT:MIGR_POP1CTZ(1.0),31/03/25 23:00:00,Annual,Ukraine,Total,Number,Total,Norway,2022,3553,,
ESTAT:MIGR_POP1CTZ(1.0),31/03/25 23:00:00,Annual,Ukraine,Total,Number,Total,Norway,2023,35406,,
ESTAT:MIGR_POP1CTZ(1.0),31/03/25 23:00:00,Annual,Ukraine,Total,Number,Total,Norway,2024,65757,,
ESTAT:MIGR_POP1CTZ(1.0),31/03/25 23:00:00,Annual,Ukraine,Total,Number,Total,Poland,2002,5374,,
ESTAT:MIGR_POP1CTZ(1.0),31/03/25 23:00:00,Annual,Ukraine,Total,Number,Total,Poland,2007,5182,,
ESTAT:MIGR_POP1CTZ(1.0),31/03/25 23:00:00,Annual,Ukraine,Total,Number,Total,Poland,2008,6146,,
ESTAT:MIGR_POP1CTZ(1.0),31/03/25 23:00:00,Annual,Ukraine,Total,Number,Total,Portugal,1998,100,,
ESTAT:MIGR_POP1CTZ(1.0),31/03/25 23:00:00,Annual,Ukraine,Total,Number,Total,Portugal,1999,97,,
ESTAT:MIGR_POP1CTZ(1.0),31/03/25 23:00:00,Annual,Ukraine,Total,Number,Total,Portugal,2000,123,,
ESTAT:MIGR_POP1CTZ(1.0),31/03/25 23:00:00,Annual,Ukraine,Total,Number,Total,Portugal,2001,411,,
ESTAT:MIGR_POP1CTZ(1.0),31/03/25 23:00:00,Annual,Ukraine,Total,Number,Total,Portugal,2002,202,,
ESTAT:MIGR_POP1CTZ(1.0),31/03/25 23:00:00,Annual,Ukraine,Total,Number,Total,Portugal,2003,285,,
ESTAT:MIGR_POP1CTZ(1.0),31/03/25 23:00:00,Annual,Ukraine,Total,Number,Total,Portugal,2007,41872,,
ESTAT:MIGR_POP1CTZ(1.0),31/03/25 23:00:00,Annual,Ukraine,Total,Number,Total,Portugal,2008,39606,,
ESTAT:MIGR_POP1CTZ(1.0),31/03/25 23:00:00,Annual,Ukraine,Total,Number,Total,Portugal,2009,52494,,
ESTAT:MIGR_POP1CTZ(1.0),31/03/25 23:00:00,Annual,Ukraine,Total,Number,Total,Portugal,2010,52293,,
ESTAT:MIGR_POP1CTZ(1.0),31/03/25 23:00:00,Annual,Ukraine,Total,Number,Total,Portugal,2011,49505,,
ESTAT:MIGR_POP1CTZ(1.0),31/03/25 23:00:00,Annual,Ukraine,Total,Number,Total,Portugal,2012,45520,,
ESTAT:MIGR_POP1CTZ(1.0),31/03/25 23:00:00,Annual,Ukraine,Total,Number,Total,Portugal,2013,40501,,
ESTAT:MIGR_POP1CTZ(1.0),31/03/25 23:00:00,Annual,Ukraine,Total,Number,Total,Portugal,2014,37419,,
ESTAT:MIGR_POP1CTZ(1.0),31/03/25 23:00:00,Annual,Ukraine,Total,Number,Total,Portugal,2015,34332,,
ESTAT:MIGR_POP1CTZ(1.0),31/03/25 23:00:00,Annual,Ukraine,Total,Number,Total,Portugal,2016,32627,,
ESTAT:MIGR_POP1CTZ(1.0),31/03/25 23:00:00,Annual,Ukraine,Total,Number,Total,Portugal,2017,31522,,
ESTAT:MIGR_POP1CTZ(1.0),31/03/25 23:00:00,Annual,Ukraine,Total,Number,Total,Portugal,2018,29815,,
ESTAT:MIGR_POP1CTZ(1.0),31/03/25 23:00:00,Annual,Ukraine,Total,Number,Total,Portugal,2019,26863,,
ESTAT:MIGR_POP1CTZ(1.0),31/03/25 23:00:00,Annual,Ukraine,Total,Number,Total,Portugal,2020,25393,,
ESTAT:MIGR_POP1CTZ(1.0),31/03/25 23:00:00,Annual,Ukraine,Total,Number,Total,Portugal,2021,24821,,
ESTAT:MIGR_POP1CTZ(1.0),31/03/25 23:00:00,Annual,Ukraine,Total,Number,Total,Portugal,2022,23827,,
ESTAT:MIGR_POP1CTZ(1.0),31/03/25 23:00:00,Annual,Ukraine,Total,Number,Total,Portugal,2023,65074,,
ESTAT:MIGR_POP1CTZ(1.0),31/03/25 23:00:00,Annual,Ukraine,Total,Number,Total,Portugal,2024,69754,,
ESTAT:MIGR_POP1CTZ(1.0),31/03/25 23:00:00,Annual,Ukraine,Total,Number,Total,Romania,2012,1369,p,
ESTAT:MIGR_POP1CTZ(1.0),31/03/25 23:00:00,Annual,Ukraine,Total,Number,Total,Romania,2013,1280,,
ESTAT:MIGR_POP1CTZ(1.0),31/03/25 23:00:00,Annual,Ukraine,Total,Number,Total,Romania,2014,1365,,
ESTAT:MIGR_POP1CTZ(1.0),31/03/25 23:00:00,Annual,Ukraine,Total,Number,Total,Romania,2015,1504,,
ESTAT:MIGR_POP1CTZ(1.0),31/03/25 23:00:00,Annual,Ukraine,Total,Number,Total,Romania,2016,1771,,
ESTAT:MIGR_POP1CTZ(1.0),31/03/25 23:00:00,Annual,Ukraine,Total,Number,Total,Romania,2017,1815,,
ESTAT:MIGR_POP1CTZ(1.0),31/03/25 23:00:00,Annual,Ukraine,Total,Number,Total,Romania,2018,1784,,
ESTAT:MIGR_POP1CTZ(1.0),31/03/25 23:00:00,Annual,Ukraine,Total,Number,Total,Romania,2019,1619,,
ESTAT:MIGR_POP1CTZ(1.0),31/03/25 23:00:00,Annual,Ukraine,Total,Number,Total,Romania,2020,2057,e,
ESTAT:MIGR_POP1CTZ(1.0),31/03/25 23:00:00,Annual,Ukraine,Total,Number,Total,Romania,2021,2172,,
ESTAT:MIGR_POP1CTZ(1.0),31/03/25 23:00:00,Annual,Ukraine,Total,Number,Total,Romania,2023,51100,e,
ESTAT:MIGR_POP1CTZ(1.0),31/03/25 23:00:00,Annual,Ukraine,Total,Number,Total,Romania,2024,50601,e,
ESTAT:MIGR_POP1CTZ(1.0),31/03/25 23:00:00,Annual,Ukraine,Total,Number,Total,Sweden,1998,705,,
ESTAT:MIGR_POP1CTZ(1.0),31/03/25 23:00:00,Annual,Ukraine,Total,Number,Total,Sweden,1999,819,,
ESTAT:MIGR_POP1CTZ(1.0),31/03/25 23:00:00,Annual,Ukraine,Total,Number,Total,Sweden,2000,939,,
ESTAT:MIGR_POP1CTZ(1.0),31/03/25 23:00:00,Annual,Ukraine,Total,Number,Total,Sweden,2001,1101,,
ESTAT:MIGR_POP1CTZ(1.0),31/03/25 23:00:00,Annual,Ukraine,Total,Number,Total,Sweden,2002,1237,,
ESTAT:MIGR_POP1CTZ(1.0),31/03/25 23:00:00,Annual,Ukraine,Total,Number,Total,Sweden,2003,1412,,
ESTAT:MIGR_POP1CTZ(1.0),31/03/25 23:00:00,Annual,Ukraine,Total,Number,Total,Sweden,2004,1563,,
ESTAT:MIGR_POP1CTZ(1.0),31/03/25 23:00:00,Annual,Ukraine,Total,Number,Total,Sweden,2005,1701,,
ESTAT:MIGR_POP1CTZ(1.0),31/03/25 23:00:00,Annual,Ukraine,Total,Number,Total,Sweden,2006,1785,,
ESTAT:MIGR_POP1CTZ(1.0),31/03/25 23:00:00,Annual,Ukraine,Total,Number,Total,Sweden,2007,1860,,
ESTAT:MIGR_POP1CTZ(1.0),31/03/25 23:00:00,Annual,Ukraine,Total,Number,Total,Sweden,2008,1948,,
ESTAT:MIGR_POP1CTZ(1.0),31/03/25 23:00:00,Annual,Ukraine,Total,Number,Total,Sweden,2009,2056,,
ESTAT:MIGR_POP1CTZ(1.0),31/03/25 23:00:00,Annual,Ukraine,Total,Number,Total,Sweden,2010,2299,,
ESTAT:MIGR_POP1CTZ(1.0),31/03/25 23:00:00,Annual,Ukraine,Total,Number,Total,Sweden,2011,2586,,
ESTAT:MIGR_POP1CTZ(1.0),31/03/25 23:00:00,Annual,Ukraine,Total,Number,Total,Sweden,2012,2890,,
ESTAT:MIGR_POP1CTZ(1.0),31/03/25 23:00:00,Annual,Ukraine,Total,Number,Total,Sweden,2013,3180,,
ESTAT:MIGR_POP1CTZ(1.0),31/03/25 23:00:00,Annual,Ukraine,Total,Number,Total,Sweden,2014,3428,,
ESTAT:MIGR_POP1CTZ(1.0),31/03/25 23:00:00,Annual,Ukraine,Total,Number,Total,Sweden,2015,3641,,
ESTAT:MIGR_POP1CTZ(1.0),31/03/25 23:00:00,Annual,Ukraine,Total,Number,Total,Sweden,2016,3817,,
ESTAT:MIGR_POP1CTZ(1.0),31/03/25 23:00:00,Annual,Ukraine,Total,Number,Total,Sweden,2017,4068,,
ESTAT:MIGR_POP1CTZ(1.0),31/03/25 23:00:00,Annual,Ukraine,Total,Number,Total,Sweden,2018,4403,,
ESTAT:MIGR_POP1CTZ(1.0),31/03/25 23:00:00,Annual,Ukraine,Total,Number,Total,Sweden,2019,5116,,
ESTAT:MIGR_POP1CTZ(1.0),31/03/25 23:00:00,Annual,Ukraine,Total,Number,Total,Sweden,2020,5848,,
ESTAT:MIGR_POP1CTZ(1.0),31/03/25 23:00:00,Annual,Ukraine,Total,Number,Total,Sweden,2021,6147,,
ESTAT:MIGR_POP1CTZ(1.0),31/03/25 23:00:00,Annual,Ukraine,Total,Number,Total,Sweden,2022,6674,,
ESTAT:MIGR_POP1CTZ(1.0),31/03/25 23:00:00,Annual,Ukraine,Total,Number,Total,Sweden,2023,6957,,
ESTAT:MIGR_POP1CTZ(1.0),31/03/25 23:00:00,Annual,Ukraine,Total,Number,Total,Sweden,2024,6585,,
ESTAT:MIGR_POP1CTZ(1.0),31/03/25 23:00:00,Annual,Ukraine,Total,Number,Total,Slovenia,1998,268,,
ESTAT:MIGR_POP1CTZ(1.0),31/03/25 23:00:00,Annual,Ukraine,Total,Number,Total,Slovenia,1999,239,,
ESTAT:MIGR_POP1CTZ(1.0),31/03/25 23:00:00,Annual,Ukraine,Total,Number,Total,Slovenia,2000,430,,
ESTAT:MIGR_POP1CTZ(1.0),31/03/25 23:00:00,Annual,Ukraine,Total,Number,Total,Slovenia,2001,584,,
ESTAT:MIGR_POP1CTZ(1.0),31/03/25 23:00:00,Annual,Ukraine,Total,Number,Total,Slovenia,2002,653,,
ESTAT:MIGR_POP1CTZ(1.0),31/03/25 23:00:00,Annual,Ukraine,Total,Number,Total,Slovenia,2003,666,,
ESTAT:MIGR_POP1CTZ(1.0),31/03/25 23:00:00,Annual,Ukraine,Total,Number,Total,Slovenia,2004,863,,
ESTAT:MIGR_POP1CTZ(1.0),31/03/25 23:00:00,Annual,Ukraine,Total,Number,Total,Slovenia,2005,867,,
ESTAT:MIGR_POP1CTZ(1.0),31/03/25 23:00:00,Annual,Ukraine,Total,Number,Total,Slovenia,2006,916,,
ESTAT:MIGR_POP1CTZ(1.0),31/03/25 23:00:00,Annual,Ukraine,Total,Number,Total,Slovenia,2007,880,,
ESTAT:MIGR_POP1CTZ(1.0),31/03/25 23:00:00,Annual,Ukraine,Total,Number,Total,Slovenia,2008,1051,,
ESTAT:MIGR_POP1CTZ(1.0),31/03/25 23:00:00,Annual,Ukraine,Total,Number,Total,Slovenia,2009,1021,b,
ESTAT:MIGR_POP1CTZ(1.0),31/03/25 23:00:00,Annual,Ukraine,Total,Number,Total,Slovenia,2010,1135,,
ESTAT:MIGR_POP1CTZ(1.0),31/03/25 23:00:00,Annual,Ukraine,Total,Number,Total,Slovenia,2011,1219,,
ESTAT:MIGR_POP1CTZ(1.0),31/03/25 23:00:00,Annual,Ukraine,Total,Number,Total,Slovenia,2012,1272,,
ESTAT:MIGR_POP1CTZ(1.0),31/03/25 23:00:00,Annual,Ukraine,Total,Number,Total,Slovenia,2013,1353,,
ESTAT:MIGR_POP1CTZ(1.0),31/03/25 23:00:00,Annual,Ukraine,Total,Number,Total,Slovenia,2014,1390,,
ESTAT:MIGR_POP1CTZ(1.0),31/03/25 23:00:00,Annual,Ukraine,Total,Number,Total,Slovenia,2015,1501,,
ESTAT:MIGR_POP1CTZ(1.0),31/03/25 23:00:00,Annual,Ukraine,Total,Number,Total,Slovenia,2016,1705,,
ESTAT:MIGR_POP1CTZ(1.0),31/03/25 23:00:00,Annual,Ukraine,Total,Number,Total,Slovenia,2017,1898,,
ESTAT:MIGR_POP1CTZ(1.0),31/03/25 23:00:00,Annual,Ukraine,Total,Number,Total,Slovenia,2018,2030,,
ESTAT:MIGR_POP1CTZ(1.0),31/03/25 23:00:00,Annual,Ukraine,Total,Number,Total,Slovenia,2019,2202,,
ESTAT:MIGR_POP1CTZ(1.0),31/03/25 23:00:00,Annual,Ukraine,Total,Number,Total,Slovenia,2020,2284,,
ESTAT:MIGR_POP1CTZ(1.0),31/03/25 23:00:00,Annual,Ukraine,Total,Number,Total,Slovenia,2021,2397,,
ESTAT:MIGR_POP1CTZ(1.0),31/03/25 23:00:00,Annual,Ukraine,Total,Number,Total,Slovenia,2022,2434,,
ESTAT:MIGR_POP1CTZ(1.0),31/03/25 23:00:00,Annual,Ukraine,Total,Number,Total,Slovenia,2023,8524,,
ESTAT:MIGR_POP1CTZ(1.0),31/03/25 23:00:00,Annual,Ukraine,Total,Number,Total,Slovenia,2024,8821,,
ESTAT:MIGR_POP1CTZ(1.0),31/03/25 23:00:00,Annual,Ukraine,Total,Number,Total,Slovakia,2004,4807,b,
ESTAT:MIGR_POP1CTZ(1.0),31/03/25 23:00:00,Annual,Ukraine,Total,Number,Total,Slovakia,2005,4033,,
ESTAT:MIGR_POP1CTZ(1.0),31/03/25 23:00:00,Annual,Ukraine,Total,Number,Total,Slovakia,2006,3703,,
ESTAT:MIGR_POP1CTZ(1.0),31/03/25 23:00:00,Annual,Ukraine,Total,Number,Total,Slovakia,2007,3925,,
ESTAT:MIGR_POP1CTZ(1.0),31/03/25 23:00:00,Annual,Ukraine,Total,Number,Total,Slovakia,2008,3745,,
ESTAT:MIGR_POP1CTZ(1.0),31/03/25 23:00:00,Annual,Ukraine,Total,Number,Total,Slovakia,2009,2673,b,
ESTAT:MIGR_POP1CTZ(1.0),31/03/25 23:00:00,Annual,Ukraine,Total,Number,Total,Slovakia,2010,2761,,
ESTAT:MIGR_POP1CTZ(1.0),31/03/25 23:00:00,Annual,Ukraine,Total,Number,Total,Slovakia,2011,2858,,
ESTAT:MIGR_POP1CTZ(1.0),31/03/25 23:00:00,Annual,Ukraine,Total,Number,Total,Slovakia,2012,3873,,
ESTAT:MIGR_POP1CTZ(1.0),31/03/25 23:00:00,Annual,Ukraine,Total,Number,Total,Slovakia,2013,3915,,
ESTAT:MIGR_POP1CTZ(1.0),31/03/25 23:00:00,Annual,Ukraine,Total,Number,Total,Slovakia,2014,2744,,
ESTAT:MIGR_POP1CTZ(1.0),31/03/25 23:00:00,Annual,Ukraine,Total,Number,Total,Slovakia,2015,2845,,
ESTAT:MIGR_POP1CTZ(1.0),31/03/25 23:00:00,Annual,Ukraine,Total,Number,Total,Slovakia,2016,3068,,
ESTAT:MIGR_POP1CTZ(1.0),31/03/25 23:00:00,Annual,Ukraine,Total,Number,Total,Slovakia,2017,3245,,
ESTAT:MIGR_POP1CTZ(1.0),31/03/25 23:00:00,Annual,Ukraine,Total,Number,Total,Slovakia,2018,3482,,
ESTAT:MIGR_POP1CTZ(1.0),31/03/25 23:00:00,Annual,Ukraine,Total,Number,Total,Slovakia,2019,3745,,
ESTAT:MIGR_POP1CTZ(1.0),31/03/25 23:00:00,Annual,Ukraine,Total,Number,Total,Slovakia,2020,4070,,
ESTAT:MIGR_POP1CTZ(1.0),31/03/25 23:00:00,Annual,Ukraine,Total,Number,Total,Slovakia,2021,4429,,
ESTAT:MIGR_POP1CTZ(1.0),31/03/25 23:00:00,Annual,Ukraine,Total,Number,Total,Slovakia,2022,6494,,
ESTAT:MIGR_POP1CTZ(1.0),31/03/25 23:00:00,Annual,Ukraine,Total,Number,Total,Slovakia,2023,6582,,
ESTAT:MIGR_POP1CTZ(1.0),31/03/25 23:00:00,Annual,Ukraine,Total,Number,Total,Slovakia,2024,6999,,
ESTAT:MIGR_POP1CTZ(1.0),31/03/25 23:00:00,Annual,Ukraine,Total,Number,Total,Trkiye,2014,9723,,
ESTAT:MIGR_POP1CTZ(1.0),31/03/25 23:00:00,Annual,Ukraine,Total,Number,Total,Trkiye,2015,12936,,
ESTAT:MIGR_POP1CTZ(1.0),31/03/25 23:00:00,Annual,Ukraine,Total,Number,Total,Trkiye,2016,17135,,
ESTAT:MIGR_POP1CTZ(1.0),31/03/25 23:00:00,Annual,Ukraine,Total,Number,Total,Trkiye,2017,19937,,
ESTAT:MIGR_POP1CTZ(1.0),31/03/25 23:00:00,Annual,Ukraine,Total,Number,Total,Trkiye,2018,18684,,
ESTAT:MIGR_POP1CTZ(1.0),31/03/25 23:00:00,Annual,Ukraine,Total,Number,Total,Trkiye,2019,18471,,
ESTAT:MIGR_POP1CTZ(1.0),31/03/25 23:00:00,Annual,Ukraine,Total,Number,Total,Trkiye,2020,20228,,
ESTAT:MIGR_POP1CTZ(1.0),31/03/25 23:00:00,Annual,Ukraine,Total,Number,Total,Trkiye,2023,50357,,
ESTAT:MIGR_POP1CTZ(1.0),31/03/25 23:00:00,Annual,Ukraine,Total,Number,Total,Trkiye,2024,40483,,
ESTAT:MIGR_POP1CTZ(1.0),31/03/25 23:00:00,Annual,Ukraine,Total,Number,Total,United Kingdom,2001,9644,,
ESTAT:MIGR_POP1CTZ(1.0),31/03/25 23:00:00,Annual,Ukraine,Total,Number,Total,United Kingdom,2005,14000,,
